,GDPC1,GDP_Change,LN_GDP,GDP_Growth,GDP_Growth_1Q_Ann,GDP_Growth_2Q_Ann,GDP_Growth_3Q_Ann,GDP_Growth_4Q_Ann,GDP_Growth_5Q_Ann,GDP_Growth_6Q_Ann,GDP_Growth_7Q_Ann,GDP_Growth_8Q_Ann,RSPREAD
1960-01-31,3123.1620000000003,68.05799999999999,8.046601229136558,0.022032315557105164,8.812926222842066,5.191280335236925,3.203823255275751,4.805449798954875,5.318983346493553,5.973919781197168,6.426550119356632,5.952048295905588,0.613333333333334
1960-04-30,3111.31,-11.852000000000317,8.042799138349206,-0.0038020907873512755,-1.5208363149405102,3.6460449539507778,2.9539081185111136,2.0226583627216854,3.540192576175798,4.17901340292121,4.903240338891785,5.433126815069489,1.26666666666667
1960-07-31,3119.0570000000002,7.747000000000298,8.045285991528985,0.002486853179778592,0.9947412719114368,-0.2630475215145367,2.7622770599376643,2.4641164068611943,1.8170749445596357,3.115950692131738,3.7241173842055275,4.414677955519242,1.47333333333333
1960-10-31,3081.3,-37.75700000000006,8.03310686483987,-0.012179126689115805,-4.871650675646322,-1.9384547018674425,-1.7992485728917986,0.8537951260416676,0.996962990359691,0.7022873411919761,1.9748647824491579,2.6496463767240463,1.58
1961-01-31,3102.2509999999997,20.950999999999567,8.03988325600136,0.006776391161491091,2.7105564645964364,-1.0805471055249427,-0.3887843130461496,-0.6717973135197397,1.2251473937526214,1.282561902732482,0.9891829302497562,2.0668262427175677,1.4366666666666699
1961-04-30,3159.9179999999997,57.666999999999916,8.058301356877179,0.01841810087581841,7.367240350327364,5.0388984074619,1.7353820464258265,1.550221852797229,0.9360102192496811,2.2488295531817455,2.151801680960322,1.7864401077594572,1.48666666666667
1961-07-31,3212.6059999999998,52.6880000000001,8.074837724768065,0.016536367890886083,6.614547156354433,6.990893753340899,5.564114657092745,2.955173323907978,2.56308691350867,1.8824330421004734,2.872503496492129,2.709644865384586,1.6766666666666699
1961-10-31,3277.717,65.11100000000033,8.094902422446898,0.020064697678833454,8.025879071533382,7.3202131139439075,7.335888859405061,6.179555760702904,3.9693144734330588,3.4735522731794553,2.7600681891623173,3.5166754433722858,1.51333333333333
1962-01-31,3336.7529999999997,59.0359999999996,8.112753457432301,0.017851034985403302,7.140413994161321,7.583146532847351,7.2602800740163795,7.287020143094125,6.371727407394587,4.4978310602211025,3.9973896618911504,3.3076114147871927,1.2933333333333301
1962-04-30,3372.7059999999997,35.952999999999975,8.123470668499637,0.010717211067335697,4.286884426934279,5.7136492105478,6.484392497542994,6.516931162245854,6.686992999862156,6.02425357731787,4.467695826894413,4.033576507521541,1.15666666666667
1962-07-31,3404.833,32.12700000000041,8.132951171859549,0.009480503359911907,3.792201343964763,4.039542885449521,5.0731665883534545,5.811344709148436,5.9719851985896355,6.2045277238792576,5.70538897255314,4.383259016528207,1.15
1962-10-31,3418.046,13.212999999999738,8.136824321747644,0.003873149888095284,1.5492599552381137,2.6707306496014382,3.209448575379052,4.192189930074619,4.958927758366372,5.234864324697716,5.539489471216236,5.1858728453887615,1.09
1963-01-31,3456.08,38.034000000000106,8.14789027780418,0.011065956056535597,4.426382422614239,2.9878211889261763,3.2559479072723723,3.5136820371878486,4.239028428582543,4.870170202407683,5.119366910114362,5.400351090140987,0.9866666666666658
1963-04-30,3501.134,45.05400000000009,8.16084219500084,0.012951917196659224,5.18076687866369,4.803574650638964,3.7188030855053475,3.7371526501202013,3.8470990054830168,4.395984836929401,4.914541156158541,5.1270419061830275,1.02333333333333
1963-07-31,3569.4790000000003,68.34500000000025,8.180174925748293,0.019332730747454008,7.733092298981603,6.456929588822646,5.780080533419844,4.722375388874411,4.536340579892482,4.494764554399448,4.87271447436543,5.266860049011424,0.74
1963-10-31,3594.954,25.47499999999991,8.187286474523908,0.007111548775615262,2.8446195102461047,5.288855904613854,5.252826229297133,5.046215277626409,4.34682421314875,4.254387068284752,4.259029548091828,4.619202603850514,0.623333333333334
1964-01-31,3672.708,77.7539999999999,8.20868454361235,0.02139806908844122,8.559227635376487,5.701923572811296,6.378979814868066,6.079426580816971,5.748817749176425,5.048891450186707,4.869364292155001,4.79655430900241,0.65
1964-04-30,3716.382,43.67399999999998,8.220505893358592,0.01182134974624205,4.72853989849682,6.6438837669366535,5.3774623480398045,5.966369835775254,5.809249244352941,5.578771440729824,5.003126942802437,4.8517612429477275,0.7233333333333342
1964-07-31,3766.862,50.48000000000002,8.2339975730948,0.013491679736208795,5.396671894483518,5.062605896490169,6.228146476118942,5.382264734650732,5.8524302475169065,5.740486352708038,5.552757219837495,5.052320061762572,0.6966666666666679
1964-10-31,3780.219,13.356999999999971,8.237537223443315,0.003539650348514556,1.4158601394058223,3.40626601694467,3.8470239774620536,5.025074891940662,4.58898381560175,5.113001896165059,5.122682607950578,5.0356450847835355,0.48999999999999894
1965-01-31,3873.452,93.23300000000017,8.261901378101541,0.024364154658226056,9.745661863290422,5.580761001348122,5.519397965726588,5.321683448919146,5.969192286210614,5.448430156883196,5.774810462897254,5.700555014868058,0.313333333333333
1965-04-30,3926.406,52.95399999999972,8.275479782632784,0.013578404531243038,5.431361812497215,7.588511837893819,5.530961271731154,5.4973889274192445,5.3436191216347595,5.8795538739250475,5.445991821970913,5.731879381597249,0.33333333333333304
1965-07-31,4006.152,79.7460000000001,8.295586458591314,0.020106675958530218,8.042670383412087,6.737016097954651,7.739898019733242,6.158888549651387,6.006445218617813,5.793460998597648,6.188570518137482,5.77057664215106,0.37999999999999895
1965-10-31,4100.630999999999,94.47899999999936,8.318896143289658,0.023309684698343602,9.323873879337441,8.683272131374764,7.599302025082248,8.135891984634291,6.791885615588598,6.5593499954044185,6.29780569584619,6.580483438287477,0.306666666666667
1966-01-31,4201.891,101.26000000000022,8.34328994103994,0.02439379775028172,9.757519100112688,9.540696489725065,9.041354454287406,8.138856293839858,8.46021740772997,7.28615786300928,7.016231296077028,6.730269871379502,0.16
1966-04-30,4219.097,17.20600000000013,8.347376403090193,0.004086462050253203,1.6345848201012814,5.696051960106985,6.905325933183804,7.189662045740874,6.838001999092143,7.322611976458523,6.4787902854509944,6.343525486580059,0.19333333333333302
1966-07-31,4249.152,30.05500000000029,8.354474712598057,0.007098309507863831,2.8393238031455326,2.236954311623407,4.743809241119834,5.888825400674236,6.319594397221806,6.1715556331010415,6.68214223741381,6.023856975162811,0.0966666666666667
1966-10-31,4285.582,36.43000000000029,8.363011644445928,0.008536931847871188,3.414772739148475,3.127048271147004,2.629560454131763,4.411550115626994,5.394014868369084,5.8354574542095845,5.777729505393531,6.273721050130643,-0.20666666666666697
1967-01-31,4324.9259999999995,39.34399999999914,8.372150309393016,0.009138664947087705,3.655465978835082,3.5351193589917784,3.30318750704303,2.8860368353075927,4.260333288268612,5.104256720113417,5.524030100584656,5.512446564573725,0.0700000000000003
1967-04-30,4328.72,3.7940000000007785,8.373027165285455,0.0008768558924394654,0.35074235697578615,2.003104167905434,2.473660358319781,2.565076219526219,2.3789779396412314,3.608734799719808,4.425183239665184,4.877369132633547,1.16
1967-07-31,4366.088,37.36799999999948,8.381622692655734,0.008595527370278688,3.4382109481114753,1.8944766525436307,2.4814730946407813,2.7147980057677046,2.73970316524327,2.5555167743862723,3.584374249490046,4.30181170322097,0.946666666666667
1967-10-31,4401.233,35.14500000000044,8.38964000792275,0.008017315267016656,3.2069261068066623,3.322568527459069,2.3319598039646414,2.6628363476822514,2.813223625975496,2.8175736555038355,2.648575250446328,3.537193231654623,0.890000000000001
1968-01-31,4490.609,89.3760000000002,8.409743606282616,0.020103598359865416,8.041439343946166,5.624182725376414,4.895525466288102,3.7593296889600225,3.7385569469350344,3.6845929123039416,3.5638401824241686,3.3226832621338076,0.56
1968-04-30,4566.442,75.83299999999963,8.426489624857599,0.016746018574982813,6.698407429993125,7.369923386969646,5.9822576269153185,5.346245957214357,4.347145237166643,4.23186536077805,4.115137843402397,3.955661088370288,0.223333333333334
1968-07-31,4599.332,32.89000000000033,8.433666354540815,0.007176729683216365,2.870691873286546,4.784549651639836,5.87017954907528,5.204366188508125,4.851135140428795,4.101069676519961,4.03741200542212,3.9595820971379148,0.263333333333334
1968-10-31,4619.803,20.47099999999955,8.438107342474003,0.004440987933188367,1.776395173275347,2.3235435232809465,3.7818314921850065,4.846733455125296,4.518771985461569,4.338678479236554,3.768973318913587,3.7547849014037737,0.183333333333334
1969-01-31,4691.637,71.83399999999983,8.453536841051584,0.015429498577580247,6.171799431032099,3.974097302153723,3.606295492531331,4.379323476896779,5.111746650306657,4.794276559723325,4.600552900921632,4.069326582928401,0.083333333333333
1969-04-30,4706.684,15.04700000000048,8.456738905091889,0.00320206404030543,1.280825616122172,3.7263125235771355,3.0763400734765396,3.024928023429041,3.759623904741858,4.473259811275909,4.292354996351731,4.185586990321699,0.156666666666668
1969-07-31,4736.143,29.458999999999833,8.46297837036476,0.006239465272871669,2.4957861091486677,1.8883058626354199,3.31613705210098,2.9312015823945714,2.9190996405729663,3.548984272142993,4.190763568114875,4.067783885451348,-0.166666666666667
1969-10-31,4715.469,-20.673999999999978,8.458603659898074,-0.004374710466686693,-1.7498841866746773,0.3729509612369952,0.6755758461987209,2.0496317424070654,1.9949844285807217,2.140935669365026,2.7920030637404687,3.4481825987661807,-0.0566666666666675
1970-01-31,4707.112,-8.356999999999971,8.456829835466904,-0.0017738244311704676,-0.709529772468187,-1.2297069795714322,0.012124050001934469,0.32929944153199386,1.4977994394320149,1.5442320617392369,1.7337263205317097,2.3543114592143866,0.156666666666667
1970-04-30,4715.441,8.328999999999724,8.458597721976918,0.0017678865100148045,0.7071546040059218,-0.0011875842311326323,-0.5840864517123142,0.1858816885029313,0.40487047402677945,1.3660253001943328,1.4246495677773348,1.6054048559659861,1.03666666666667
1970-07-31,4757.213,41.771999999999935,8.467417271549264,0.008819549572345764,3.5278198289383056,2.1174872164721137,1.1751482201586803,0.44389011845034076,0.8542693165900062,0.9253620331787006,1.6748530900149003,1.687545850422456,1.13333333333333
1970-10-31,4708.281,-48.93199999999979,8.457078152240511,-0.010339119308753197,-4.135647723501279,-0.3039139472814867,0.03310890314764947,-0.15255076575630966,-0.4720174499399832,0.02261647657479197,0.20236063936727486,0.9485404883253779,1.5
1971-01-31,4834.349,126.06800000000021,8.483501755595707,0.026423603355196335,10.569441342078534,3.2168968092886274,3.3205378158385206,2.6671920128803706,1.991847655810659,1.3682256820631031,1.5293057430753265,1.4982457272061822,2.17666666666667
1971-04-30,4861.938,27.588999999999942,8.489192402840834,0.005690647245126357,2.2762588980505427,6.422850120064538,2.903350838875933,3.059468086391526,2.589005389914405,2.0392495295173063,1.4979447129184515,1.6226748874472285,1.99666666666667
1971-07-31,4899.95,38.011999999999716,8.496980279965022,0.0077878771241888245,3.11515084967553,2.6957048738630363,5.320283696601535,2.956300841575832,3.0706046390483266,2.6766962998745925,2.1929497181113384,1.7000954800130863,1.47333333333333
1971-10-31,4914.2609999999995,14.310999999999694,8.499896665223764,0.002916385258741272,1.1665541034965088,2.1408524765860193,2.1859879504075272,4.281851298325279,2.5983514939599672,2.753262883123024,2.460961700392009,2.0646502662844846,1.66
1972-01-31,5002.436,88.17500000000018,8.517680272772852,0.017783607549088032,7.113443019635213,4.139998561565861,3.7983826576024176,3.4178517177144485,4.848169642587266,3.350866748239175,3.3761457597676223,3.0425218652974095,2.59666666666667
1972-04-30,5118.278,115.84200000000055,8.540573333337566,0.022893060564713963,9.157224225885585,8.135333622760399,5.812407116339102,5.138093049673209,4.565726219348676,5.566345406470319,4.180346387902948,4.0987805680323675,2.37333333333333
1972-07-31,5165.448,47.17000000000007,8.549747115449554,0.00917378211198816,3.669512844795264,6.413368535340425,6.6467266967720215,5.276683548453143,4.84437700869762,4.416357323589774,5.295369326231025,4.116492195014487,2.07
1972-10-31,5251.226,85.77799999999934,8.566216852132753,0.016469736683198732,6.587894673279493,5.1287037590373785,6.471543914653448,6.632018690898889,5.538925773418413,5.134963286127933,4.72657694497402,5.456934994612084,1.51
1973-01-31,5380.5019999999995,129.27599999999984,8.590536957353043,0.0243201052202906,9.72804208811624,8.157968380697866,6.661816535397,7.2856684580191455,7.251223370342359,6.237111825868051,5.791117400697691,5.351760087866797,0.9033333333333321
1973-04-30,5441.504,61.00200000000041,8.601810772227273,0.011273814874229515,4.509525949691806,7.118784018904023,6.941820903695847,6.123743888970701,6.730439956353678,6.794273800233934,5.990313843557159,5.630918469321955,0.20333333333333303
1973-07-31,5411.935,-29.568999999999505,8.596361978871178,-0.005448793356094939,-2.1795173424379755,1.1650043036269153,4.019350231790024,4.661486342162391,4.4630916426889655,5.245447073221736,5.51230363699509,4.969084945307767,-1.11666666666667
1973-10-31,5462.397,50.461999999999534,8.605642983390831,0.009281004519653635,3.712401807861454,0.7664422327117393,2.0141368050384285,3.942613125807881,4.4716694353022035,4.337976670217714,5.026440606741695,5.287315908353385,-0.746666666666667
1974-01-31,5417.024,-45.37299999999959,8.597301866144669,-0.00834111724616271,-3.336446898465084,0.18797745469818494,-0.6011874776805353,0.6764908791625501,2.486801120953288,3.1703167130076557,3.2416304461201713,3.981079668590848,-0.563333333333333
1974-04-30,5431.265,14.240999999999985,8.599927350805055,0.00262548466038659,1.050193864154636,-1.143126517155224,0.475382924517002,-0.1883421422217424,0.7512314761609673,2.247366578153513,2.867442020314367,2.967700873374479,-0.610000000000001
1974-07-31,5378.679,-52.58600000000024,8.590198083972728,-0.009729266832327,-3.8917067329307997,-1.4207564343880819,-2.0593199224137493,-0.6163894898449485,-0.9290150603635539,-0.022591558687660534,1.370356105141468,2.022548426158721,-0.226666666666667
1974-10-31,5357.166,-21.51299999999992,8.586190382893857,-0.004007701078871051,-1.6030804315484204,-2.74739358223961,-1.4815311001081948,-1.945260049697417,-0.8137276781856428,-1.041359288894365,-0.24837568338205482,0.998676538055232,0.31
1975-01-31,5292.444,-64.72199999999975,8.574035421942176,-0.01215496095168156,-4.861984380672624,-3.232532406110522,-3.4522571817172816,-2.326644420249302,-2.5286049158924584,-1.4884371286001397,-1.5871628734341163,-0.8250767705433759,1.79
1975-04-30,5333.22,40.77599999999984,8.581710462328024,0.00767504038584832,3.070016154339328,-0.8959841131666479,-1.131682885960572,-1.821688847703129,-1.247312305331576,-1.595501404187161,-0.8372295167516444,-1.0050154949624357,2.65666666666667
1975-07-31,5421.357,88.13699999999972,8.598101432100293,0.01639096977226906,6.556387908907624,4.813202031623476,1.5881398941914429,0.7903348127564769,-0.14607349638097844,0.05330439704162397,-0.43094578803076294,0.08697266145576421,1.96666666666667
1975-10-31,5494.446,73.08899999999994,8.611493042828856,0.013391610728563208,5.356644291425283,5.9565161001664535,4.994349451557412,2.5302659934999028,1.7035967084902381,0.7710461349200652,0.8109243819535753,0.29250297190124286,2.4366666666666696
1976-01-31,5618.52,124.07400000000052,8.633823563010573,0.02233052018171655,8.93220807268662,7.144426182055952,6.948413424339843,5.978814106839714,3.8106544093372463,2.9083652691896353,1.936926411743859,1.826084843295206,2.83666666666667
1976-04-30,5660.972,42.451999999999316,8.641350887901835,0.007527324891261955,3.010929956504782,5.971569014595701,5.766594106872229,5.964042557381077,5.3852372767727275,3.6773670005318357,2.9230173673775135,2.071176854838974,2.61666666666667
1976-07-31,5689.755999999999,28.78399999999965,8.646422643951347,0.005071756049511933,2.028702419804773,2.5198161881547776,4.657280149665392,4.832121185105365,5.1769745298658165,4.825814800611402,3.4418434889993983,2.811227998930921,2.58
1976-10-31,5732.4619999999995,42.70600000000013,8.653900385839613,0.0074777418882661095,2.991096755306444,2.5098995875556085,2.6769097105386663,4.240734301075655,4.4639162991455805,4.812661567439255,4.563712222710694,3.385500147287779,2.5166666666666697
1977-01-31,5799.16,66.69800000000032,8.665468358459776,0.011567972620163403,4.627189048065361,3.8091429016859024,3.2156627410588596,3.16447954492034,4.318025250473596,4.491128423965544,4.786165493242984,4.571646825880027,2.72333333333333
1977-04-30,5912.977,113.81700000000001,8.68490470607878,0.01943634761900448,7.774539047601792,6.200864047833576,5.130941616991199,4.355381817694592,4.08649144545663,4.894110883328295,4.960187084485008,5.159712187537835,2.53
1977-07-31,6017.585999999999,104.60899999999947,8.702441461204458,0.017536755125677317,7.014702050270927,7.394620548936359,6.47214338197936,5.601881725311131,4.887245864209859,4.574526546259014,5.197052478605815,5.217001455208248,1.86
1977-10-31,6018.218000000001,0.6320000000014261,8.702546481193249,0.00010501998879064445,0.04200799551625778,3.5283550228935923,4.943749697796326,4.864609535363584,4.489906979352156,4.079706219427592,3.9270238961529054,4.55267191821962,1.48666666666667
1978-01-31,6039.158,20.9399999999996,8.706019877237713,0.003473396044464394,1.3893584177857576,0.7156832066510077,2.815356154524314,4.0551518777936835,4.169559311848019,3.9731488857577566,3.6953708191930446,3.6098157113570117,1.6166666666666698
1978-04-30,6273.963000000001,234.8050000000003,8.744163491379075,0.03814361414136158,15.257445656544633,8.323402037165195,5.562937356615549,5.925878530029394,6.295610633543873,6.017540369297455,5.5851912815844535,5.140630173861993,1.8433333333333302
1978-07-31,6335.316999999999,61.35399999999845,8.753895130966606,0.00973163958753176,3.892655835012704,9.575050745778668,6.846486636447699,5.145366976214838,5.519233991026056,5.895118167122012,5.713985435828205,5.373624350762984,1.17666666666667
1978-10-31,6420.2880000000005,84.97100000000137,8.76721825549092,0.013323124524314167,5.329249809725667,4.610952822369185,8.159783767094336,6.46717742976719,5.182143542917004,5.487569960809324,5.814279830351105,5.665893482565387,0.25
1979-01-31,6433.044,12.755999999999403,8.769203111120238,0.0019848556293169395,0.7939422517267758,3.0615960307262213,3.3386159654883825,6.318323388252445,5.332530394159107,4.450776661051966,4.8170517166546745,5.186737633023064,-0.27666666666666695
1979-04-30,6440.831999999999,7.787999999999556,8.770413003300344,0.0012098921801069196,0.4839568720427678,0.6389495618847718,2.202382977831737,2.6249511921269786,5.151450085010509,4.524434807139718,3.8840881197649377,4.275414861078186,-0.263333333333334
1979-07-31,6487.08,46.2480000000005,8.777567785494034,0.0071547821936892575,2.861912877475703,1.6729348747592354,1.3799373337484155,2.3672654527427284,2.6723435291967235,4.769860550421376,4.286931674330573,3.756316214478783,-0.57
1979-10-31,6503.874,16.79399999999987,8.780153278346267,0.0025854928522335285,1.0341971408934114,1.9480550091845572,1.460022296803961,1.2935022855346645,2.100651790372865,2.3993191311461715,4.236194349060238,3.8803398576509274,-1.3966666666666698
1980-01-31,6524.911999999999,21.037999999999556,8.783382745509911,0.0032294671636439176,1.291786865457567,1.1629920031754892,1.7292989612755607,1.4179634389673623,1.293159201519245,1.9658409695536487,2.2411002360477994,3.8681434136099035,-1.3666666666666698
1980-04-30,6392.578,-132.33399999999892,8.762892908889883,-0.0204898366200279,-8.19593464801116,-3.4520738912767968,-1.9566502138867274,-0.7520094410461198,-0.5048161784283423,-0.28835644006915595,0.5141587384729617,0.9364708755404294,0.859999999999999
1980-07-31,6382.892,-9.686000000000604,8.761376565169313,-0.0015163437205707453,-0.6065374882282981,-4.401236068119729,-2.503561756927297,-1.61912203247212,-0.7229150504825554,-0.5217697300616683,-0.33381087552046196,0.37407171013530416,1.8
1980-10-31,6501.184,118.29200000000037,8.779739593141885,0.01836302797257261,7.345211189029044,3.369336850400373,-0.4857536490701383,-0.04136852043821193,0.17374461182811274,0.6217726561027112,0.6020846869512907,0.6260668825482263,-1.19
1981-01-31,6635.726,134.54199999999946,8.800223360524187,0.020483767382302176,8.19350695292087,7.769359070974957,4.977393551240539,1.684061501427614,1.6056065742336045,1.5103716686769058,1.703448984219591,1.5510124701974881,-1.43
1981-04-30,6587.269,-48.456999999999425,8.792894125821114,-0.00732923470307334,-2.931693881229336,2.6309065358457673,4.202341420240193,3.00012169312307,0.760910424896224,0.8493898316564479,0.875790875833157,1.1240561260384752,-1.15666666666667
1981-07-31,6662.858,75.58899999999994,8.804303800613992,0.011409674792878022,4.563869917151209,0.8160880179609364,3.2752276629475814,4.292723544467947,3.312871337928698,1.3947370069387215,1.3800298438699852,1.3368007559979134,-0.20666666666666697
1981-10-31,6585.1269999999995,-77.73100000000068,8.792568900248048,-0.011734900365944156,-4.693960146377663,-0.06504511461322693,-1.0205947034852634,1.2829307106162702,2.495386806298825,1.978399423877638,0.5249231278935237,0.6207810950890291,2.33666666666667
1982-01-31,6474.973000000001,-110.15399999999863,8.775699716674875,-0.016869183573172464,-6.7476734292689855,-5.720816787823324,-2.2925878861651467,-2.452364384931194,-0.32319011736078096,0.9548767670375232,0.7318175877138344,-0.38415144175178995,1.48
1982-04-30,6510.246999999999,35.27399999999852,8.781132676111113,0.005432959436237894,2.1731837744951576,-2.287244827386914,-3.089483267050497,-1.1761449710000704,-1.5272547530459235,0.09287219794854215,1.1289206252457566,0.9119883610614998,1.51
1982-07-31,6486.8,-23.446999999999207,8.777524621845219,-0.0036080542658947223,-1.443221706357889,0.36498103406863436,-2.0059037870439056,-2.677917876877345,-1.2295603180716341,-1.5132492452645845,-0.126569788380948,0.807402833795301,3.8
1982-10-31,6493.128000000001,6.328000000000429,8.778499665851834,0.000975044006615633,0.3900176026462532,-0.5266020518558179,0.37332655692784067,-1.406923439621366,-2.0643307809726252,-0.959630664618653,-1.241353981277322,-0.06199636450254786,2.76
1983-01-31,6578.175,85.04699999999957,8.791512630226078,0.013012964374244262,5.205185749697705,2.797601676171979,1.3839938819953566,1.5812913551203067,-0.08450160175755173,-0.8527446925275702,-0.07894260543060179,-0.43553651490544354,2.4566666666666697
1983-04-30,6728.286999999999,150.11199999999917,8.814075858293512,0.022563228067433272,9.025291226973309,7.115238488335507,4.873498193105756,3.2943182182398445,3.070091329490907,1.4337972030309252,0.5584032959725554,1.059086623619887,2.14666666666667
1983-07-31,6860.022,131.73500000000058,8.833465927711874,0.019390069418362188,7.756027767344875,8.390659497159092,7.328834914671964,5.5941305866655355,4.186660128060851,3.851080735799902,2.336972997932918,1.4581063548940953,2.48666666666667
1983-10-31,7001.4890000000005,141.46700000000055,8.853878119702689,0.020412191990814677,8.16487679632587,7.960452281835373,8.315398596881352,7.53784538508544,6.1082798285976025,4.849696239438354,4.4673373158750405,3.065460972732037,2.88666666666667
1984-01-31,7140.597,139.10799999999927,8.8735516652836,0.019673545580911167,7.869418232364467,8.017147514345169,7.930107598678405,8.20390350575213,7.604159954541245,6.4018028958920805,5.281085095570656,4.8925974304362185,2.7733333333333303
1984-04-30,7266.01,125.41300000000047,8.890962589053252,0.017410923769652698,6.964369507861079,7.416893870112773,7.666221512183806,7.688673075974073,7.95599670617392,7.497528213427885,6.482169554744795,5.491495647106959,3.40333333333333
1984-07-31,7337.493,71.48300000000017,8.90075251013249,0.009789921079237374,3.9159684316949495,5.440168969778014,6.249918723973499,6.7286582420615915,6.934132147118248,7.282658660427425,6.985876816037465,6.1613944143635635,2.54666666666666
1984-10-31,7396.019,58.52599999999984,8.908697161459909,0.007944651327418839,3.1778605309675356,3.5469144813312425,4.686066156841188,5.481904175722008,6.01849869984278,6.308086877759797,6.696258927647441,6.509874780403724,2.94
1985-01-31,7469.545,73.52599999999984,8.918589365963857,0.009892204503948676,3.9568818015794704,3.567371166273503,3.683570254747319,4.503770068025759,5.1768997008935,5.674895883465562,5.972200438305464,6.3538367868889445,3.4
1985-04-30,7537.928000000001,68.38300000000072,8.927702622176264,0.009113256212406995,3.645302484962798,3.801092143271134,3.593348272503268,3.6740033123011884,4.3320765514131665,4.921633498238384,5.384953969393739,5.681338194137631,3.35333333333333
1985-07-31,7655.196,117.26799999999912,8.943139911944277,0.015437289768012619,6.1749159072050475,4.910109196083923,4.592366731249106,4.238740181178713,4.17418583128196,4.639216444045147,5.100673842376478,5.483699211620152,3.23
1985-10-31,7712.624,57.427999999999884,8.950613745880183,0.007473833935906171,2.9895335743624685,4.582224740783758,4.269917322176772,4.191658442027446,3.988898859815464,3.9767437884620453,4.4035474626619076,4.836781308874727,2.59333333333333
1986-01-31,7784.109,71.48500000000058,8.959839626851046,0.009225880970863187,3.690352388345275,3.3399429813538717,4.284933956637597,4.125026088718897,4.091397231291012,3.939141114570433,3.9358307313025067,4.314398078372328,1.66
1986-04-30,7819.843000000001,35.73400000000038,8.964419756611473,0.0045801297604270985,1.8320519041708394,2.761202146258057,2.837312622292861,3.6717134435209076,3.6664312518092856,3.7148396767709833,3.6381283702276335,3.672858377911048,1.46333333333333
1986-07-31,7898.555,78.71199999999953,8.97443511033238,0.010015353720906006,4.0061414883624025,2.919096696266621,3.1761819269595057,3.1295198388102463,3.7385990524892065,3.7230496245681386,3.7564542212840433,3.6841300099944796,1.78333333333333
1986-10-31,7939.45,40.89499999999953,8.979599282320526,0.005164171988147004,2.0656687952588015,3.035905141810602,2.6346207292640145,2.8985536440343296,2.9167496300999574,3.459777342950806,3.4862809346668047,3.545106043030888,1.91
1987-01-31,7994.965,55.51500000000033,8.986567247522387,0.006967965201861048,2.7871860807444193,2.4264274380016104,2.9529987881218744,2.6727620671341157,2.8762801313763475,2.895155705207368,3.363692876921322,3.3988940779265064,1.6566666666666698
1987-04-30,8084.71,89.74499999999989,8.997729902474891,0.011162654952503459,4.465061981001384,3.6261240308729015,3.1059722856682015,3.3310145863417517,3.0312220499075693,3.141077106313854,3.119428030320799,3.5013640149313296,2.6866666666666696
1987-07-31,8158.035,73.32499999999982,9.006758610135522,0.009028707660631241,3.6114830642524964,4.03827252262694,3.6212437086661002,3.2323499803142752,3.3871082819239007,3.1279322189650576,3.2082779574479456,3.1809349095622608,2.8333333333333304
1987-10-31,8292.687,134.65200000000004,9.023129321064387,0.01637071092886444,6.548284371545776,5.079883717899136,4.874943138933219,4.353003874386019,3.8955368585605754,3.913970963527547,3.6165539550480172,3.6257787592101742,3.26
1988-01-31,8339.324,46.637000000000626,9.02873743691177,0.005608115847383743,2.2432463389534973,4.395765355249637,4.134337924917257,4.217018938938288,3.9310523672995146,3.620155105292729,3.6752960171598255,3.444890503036202,2.6933333333333302
1988-04-30,8449.51,110.1859999999997,9.04186373050416,0.01312629359238926,5.250517436955704,3.7468818879546006,4.680682715818326,4.4133828029268685,4.4237186385417715,4.150963212242213,3.8530640098160114,3.87219869463431,2.7
1988-07-31,8498.282,48.771999999999025,9.047619304402824,0.0057555738986643235,2.3022295594657294,3.7763734982107167,3.2653311117916437,4.086069426730177,3.9911521542346406,4.070137125362431,3.8868584047027155,3.659209703522226,2.09
1988-10-31,8610.85,112.56800000000112,9.060778314964836,0.01315901056201163,5.263604224804652,3.782916892135191,4.272117073742029,3.7648993900448957,4.321576386345072,4.203227499329643,4.240632425282748,4.058951632215457,1.23
1989-01-31,8697.711,86.86099999999897,9.070815166576615,0.010036851611779696,4.014740644711878,4.639172434758265,3.86019147632742,4.207772966484491,3.8148676409782922,4.2704370960728735,4.1763008058128195,4.21239595271139,0.6666666666666661
1989-04-30,8766.105,68.39400000000023,9.078647859004212,0.007832692427596655,3.133076971038662,3.57390880787527,4.1371406135183975,3.6784128500052304,3.992833767395325,3.701235862655021,4.107957078210843,4.0458978264660495,0.363333333333335
1989-07-31,8831.544,65.4390000000003,9.086085136749197,0.007437277744985593,2.9749110979942373,3.0539940345164496,3.374242904581593,3.8465832346373574,3.537712499603032,3.823179989161811,3.5974751819891946,3.966326330683767,0.263333333333334
1989-10-31,8850.23,18.685999999999694,9.08819872636484,0.002113589615643008,0.8454358462572031,1.9101734721257202,2.3178079717633677,2.742041140000495,3.2463537569613266,3.0889997240453937,3.397787968746867,3.2534702650226954,0.253333333333333
1990-01-31,8947.129,96.89900000000125,9.099087977684405,0.010889251319564863,4.355700527825945,2.600568187041574,2.725349157359129,2.827281110779012,3.064773017565585,3.431244885438763,3.26995698172833,3.5175270386317514,0.663333333333333
1990-04-30,8981.726999999999,34.59799999999814,9.102947459064197,0.0038594813797914185,1.5437925519165674,2.9497465398712563,2.2483096419999056,2.4299600059984883,2.570583399006523,2.811276273290749,3.1616088377927354,3.0541864280018594,0.9299999999999989
1990-07-31,8983.945,2.2180000000007567,9.103194374404882,0.00024691534068566057,0.09876613627426423,0.8212793440954158,1.9994197386722592,1.710923765568495,1.9637212320536435,2.1586138552178133,2.423774825145537,2.778753500102926,1.22666666666667
1990-10-31,8907.363000000001,-76.58199999999852,9.094633517064212,-0.00856085734067058,-3.424342936268232,-1.662788399996984,-0.5939280826924669,0.6434790699371362,0.6838704252011496,1.0657105373333309,1.3610485992912353,1.6927601049688157,1.4066666666666698
1991-01-31,8865.564,-41.79900000000089,9.089929837465967,-0.004703679598245358,-1.8814718392981433,-2.6529073877831877,-1.7356828797640371,-0.9158140218438859,0.1384888880900803,0.2563133811179341,0.6446844835288346,0.955733544467563,1.99333333333333
1991-04-30,8934.366,68.80199999999968,9.097660468164944,0.007730630698977947,3.092252279591179,0.6053902201465178,-0.7378541653250655,-0.5286990899252331,-0.11420076155687298,0.6307827866735968,0.6614475094712549,0.9506304580366276,2.57
1991-07-31,8977.252,42.88600000000042,9.102449101101573,0.0047886329366289004,1.9154531746515602,2.5038527271213695,1.0420778716481987,-0.07452733033090908,-0.03986863700987442,0.2240748944778659,0.8143071278133058,0.818198217618793,2.5633333333333304
1991-10-31,9016.444,39.1919999999991,9.106805300292349,0.004356199190775456,1.7424796763101824,1.8289664254808713,2.2500617101843075,1.2171783228136945,0.2888740709973092,0.25718941521013505,0.440989863311054,0.9303286963754154,2.8066666666666698
1992-01-31,9122.95,106.50600000000122,9.118548495677162,0.011743195384813276,4.697278153925311,3.2198789151177465,2.7850703349623513,2.861865821119558,1.9131982890360177,1.0236080848186428,0.8914878064551601,0.973025899637836,3.41
1992-04-30,9223.545,100.59499999999935,9.12951473289182,0.010966237214658392,4.386494885863357,4.541886519894334,3.6087509053662834,3.1854264726876025,3.1667916340683178,2.325414388507241,1.5040204849678878,1.3283636913811847,3.69666666666667
1992-07-31,9313.208,89.66300000000047,9.139188886643558,0.00967415375173708,3.869661500694832,4.128078193279094,4.3178115134945,3.6739785541984205,3.3222734782890484,3.2839366118394038,2.546021118819754,1.7997256119337557,3.53333333333333
1992-10-31,9406.528,93.31999999999971,9.149159195311826,0.009970308668268757,3.988123467307503,3.9288924840011674,4.0814266179552305,4.2353895019477505,3.736807536820237,3.433248476458791,3.384534734049132,2.7262839123807225,3.6733333333333302
1993-01-31,9424.065,17.537000000000262,9.151021803151114,0.001862607839287378,0.7450431357149512,2.366583301511227,2.867609367905762,3.2473307473951607,3.5373202287011907,3.2381801366360228,3.0492191420668138,3.0545982842573594,3.32
1993-04-30,9480.106,56.04099999999926,9.156950776621155,0.005928973470041399,2.3715893880165595,1.5583162618657553,2.3682519970130045,2.7436043729334614,3.0721824755194405,3.3430317552537523,3.1143814582618137,2.964515422810532,3.0233333333333303
1993-07-31,9526.337,46.23099999999977,9.16181555759838,0.004864780977225536,1.9459123908902143,2.158750889453387,1.687514971540575,2.262667095482307,2.584065976524812,2.884470794747903,3.14344327463039,2.9683228248403637,2.61333333333333
1993-10-31,9653.509,127.17200000000048,9.175076755179782,0.013261197581401873,5.304479032560749,3.625195711725482,3.2073269371558415,2.5917559867956186,2.8710294828979954,3.037468152530802,3.2301862572925955,3.4135727443716846,2.54666666666667
1994-01-31,9748.155999999999,94.64699999999903,9.184833417899771,0.00975666271998854,3.902665087995416,4.603572060278083,3.7176855038154604,3.381161474865735,2.853937807035578,3.042968750414232,3.1610677147400326,3.3142461111304478,2.82333333333333
1994-04-30,9881.384,133.22800000000097,9.198407861903151,0.013574444003380037,5.429777601352015,4.6662213446737155,4.878973907302727,4.145708528199599,3.790884700162991,3.2832444394216513,3.383941443405344,3.44465645056653,3.09666666666667
1994-07-31,9939.655,58.27100000000064,9.204287590798778,0.005879728895626712,2.351891558250685,3.89083457980135,3.8947780825327056,4.247203320039716,3.786945134209816,3.5510525098442733,3.150194027825799,3.2549352077610116,2.85666666666667
1994-10-31,10052.518,112.86299999999937,9.21557842936918,0.011290838570401363,4.516335428160545,3.434113493205615,4.099334862587749,4.050167418939665,4.301029741663882,3.9085101832016043,3.6889500696037407,3.320961702867642,2.5566666666666698
1995-01-31,10086.878,34.36000000000058,9.218990650206239,0.0034122208370597207,1.3648883348238883,2.9406118814922166,2.7443717737450397,3.4157232306467833,3.51311160211651,3.8116728405238836,3.5451356334333592,3.398442352756259,1.74666666666667
1995-04-30,10122.122,35.24399999999878,9.222478604655349,0.0034879544491097647,1.3951817796439059,1.380035057233897,2.4254685142094465,2.407074275219756,3.011614940446208,3.1601232983710763,3.466459831826744,3.2763914017096774,1.02333333333333
1995-07-31,10208.771999999999,86.64999999999964,9.231002629684244,0.00852402502889582,3.4096100115583283,2.402395895601117,2.056560042008708,2.671503888546667,2.6075814224874705,3.077947452298228,3.195764257397826,3.4593536042931916,0.9566666666666658
1995-10-31,10281.246,72.47400000000016,9.238076737889957,0.007074108205712193,2.829643282284877,3.1196266469216027,2.5448116911623706,2.24983085207775,2.703131767294309,2.644591732453705,3.0424754280106066,3.1499991355087076,0.633333333333333
1996-01-31,10348.690999999999,67.44499999999971,9.244615317265124,0.0065385793751673305,2.615431750066932,2.7225375161759047,2.9515616813033794,2.562466705888511,2.3229510316755864,2.688515097756413,2.640426020684166,2.989094968267647,0.98
1996-04-30,10529.378999999999,180.6880000000001,9.261924629029991,0.017309311764867275,6.92372470594691,4.769578228006921,4.122933246099573,3.944602437464262,3.4347183059001907,3.0897466440541406,3.2935450417836267,3.175838356342009,1.7
1996-07-31,10626.778,97.39900000000125,9.271132320969116,0.00920769193912463,3.6830767756498517,5.303400740798381,4.407411077221232,4.012969128487143,3.89229730510138,3.476111384191801,3.1745080914249564,3.342236508516905,1.6833333333333302
1996-10-31,10739.056999999999,112.27899999999863,9.281642561600904,0.010510240631788292,4.204096252715317,3.9435865141825843,4.93696591143736,4.356582371094753,4.051194553332778,3.9442637963703695,3.5801092225523035,3.3032066115862513,1.3666666666666698
1997-01-31,10820.908000000001,81.85100000000239,9.289235467548629,0.00759290594772466,3.037162379089864,3.6206293159025904,3.6414451358183446,4.462015028350486,4.092698372693775,3.8821891909589588,3.8146778796160117,3.5122408671194982,1.50333333333333
1997-04-30,10984.15,163.24199999999837,9.3042086035818,0.014973136033171741,5.9892544132686965,4.51320839617928,4.410171015024626,4.228397455180932,4.767462905334128,4.4087910461229285,4.183198508431778,4.086499946322597,1.65
1997-07-31,11124.013,139.8630000000012,9.316861383997546,0.012652780415745468,5.061112166298187,5.525183289783442,4.695842986218916,4.572906302843016,4.394940397404383,4.816404448828138,4.501979777576537,4.292937715665079,1.19666666666667
1997-10-31,11210.329,86.3159999999989,9.324590864431256,0.007729480433710023,3.0917921734840093,4.076452169891098,4.714052917683631,4.294830283035189,4.276683476971215,4.177749026750988,4.57003126663612,4.325706327064971,0.8166666666666659
1998-01-31,11321.246000000001,110.91700000000128,9.33443641637122,0.009845551939964281,3.9382207759857124,3.515006474734861,4.030375038589304,4.520094882259151,4.223508381625294,4.220273026806964,4.143530705213092,4.4910549553048185,0.533333333333332
1998-04-30,11431.046,109.79999999999927,9.34408826616255,0.009651849791330491,3.8607399165321965,3.8994803462589545,3.630250955333973,3.9879662580750264,4.38822388911376,4.163046970776445,4.168911153910569,4.108181856627979,0.62
1998-07-31,11580.587,149.54099999999926,9.357085440688536,0.012997174525985145,5.198869810394058,4.529804863463127,4.3326101676373225,4.022405669098994,4.230146968538833,4.523331542660477,4.311021662150389,4.297655985971005,0.38
1998-10-31,11770.686000000002,190.09900000000198,9.373367482328192,0.01628204163965563,6.5128166558622524,5.855843233128155,5.190808794262836,4.877661789693555,4.520487866451646,4.61059191642607,4.807543701689302,4.586246036364372,0.416666666666666
1999-01-31,11864.675,93.98899999999776,9.381320777007142,0.007953294678950229,3.1813178715800916,4.847067263721172,4.964334779278801,4.68843606359215,4.538393006070862,4.297292867306387,4.4064099100195016,4.6042654729256505,0.576666666666666
1999-04-30,11962.524,97.84900000000016,9.389534042028789,0.008213265021646876,3.2853060086587504,3.233311940119421,4.326480178700365,4.544577586623788,4.40781005260547,4.329545173168844,4.15272331607101,4.266271922349407,1.08666666666667
1999-07-31,12113.075,150.5510000000013,9.402040726692507,0.012506684663717849,5.002673865487139,4.143989937072945,3.8230992485753275,4.4955286003970585,4.636196842396458,4.506954021419082,4.425706414928601,4.258967134748026,1.23333333333333
1999-10-31,12323.336000000001,210.26100000000042,9.419249979654213,0.017209252961706056,6.8837011846824225,5.943187525084781,5.057227019609438,4.588249732602101,4.973163117254131,5.01078089944412,4.846489330456702,4.732955761147828,1.09666666666667
2000-01-31,12359.095,35.758999999998196,9.422147508266237,0.0028975286120243027,1.159011444809721,4.021356314746072,4.348462164993094,4.082673125909508,3.902402075043625,4.33747117184673,4.4605281202106335,4.385554594750829,0.959999999999999
2000-04-30,12592.53,233.4350000000013,9.440859059987426,0.018711551721189323,7.484620688475729,4.321816066642725,5.175777772655958,5.132501795863753,4.763062638422753,4.499438510615643,4.787063959936587,4.838539691243771,0.46333333333333293
2000-07-31,12607.676000000001,15.14600000000064,9.44206111379792,0.0012020538104930978,0.4808215241972391,3.9827211063364842,3.04148455249423,4.002038710541278,4.20216574153045,4.049355786051834,3.925350369698728,4.248783655469168,-0.123333333333333
2000-10-31,12679.338,71.66199999999844,9.447729018426429,0.005667904628509746,2.2671618514038983,1.3739916878005687,3.4108680213589557,2.847903877221647,3.655063338713802,3.8796650931760253,3.7947566525307,3.718076804911874,-0.44999999999999896
2001-01-31,12643.283000000001,-36.05499999999847,9.444881364989246,-0.002847653437182629,-1.1390613748730516,0.5640502382654233,0.5363073335760287,2.273385672300954,2.0505108268027072,2.8560425531159934,3.162704169169014,3.178029399105231,0.233333333333332
2001-04-30,12710.303,67.01999999999862,9.450168203395803,0.005286838406556527,2.1147353626226106,0.4878369938747795,1.0809452797178192,0.9309143408376741,2.241655610365285,2.0612149161060245,2.7501415259026527,3.0317080683507136,1.61
2001-07-31,12670.106000000002,-40.1969999999983,9.447000639499604,-0.003167563896198544,-1.2670255584794177,0.4238549020715965,-0.09711719024328622,0.4939525701685099,0.49132636097425575,1.656875415557835,1.5857519911652471,2.247995640354894,1.81
2001-10-31,12705.268999999998,35.16299999999683,9.449772068296753,0.00277142879714809,1.108571518859236,-0.07922701981009084,0.6520937743341431,0.20430498703234434,0.6168763599066551,0.5942005539550859,1.578546287458035,1.5261044321269956,2.86333333333333
2002-01-31,12822.258,116.9890000000014,9.45893784601065,0.009165777713898038,3.666311085559215,2.3874413022092256,1.169285681979678,1.405648102140411,0.8967062067377185,1.1251154808487485,1.03307348704139,1.8395168872206824,3.35666666666667
2002-04-30,12893.002,70.7440000000006,9.46443996253376,0.0055021165231092795,2.200846609243712,2.9335788474014635,2.3252430712207213,1.4271759137956863,1.5646878035610712,1.1140629404887175,1.2787913563337432,1.1790451273166802,3.38666666666667
2002-07-31,12955.768999999998,62.766999999998006,9.469296450555241,0.004856488021481198,1.9425952085924791,2.0717209089180955,2.603250967798469,2.2295811055636605,1.5302597727550449,1.627672371066306,1.2324246930749692,1.3617668378660852,2.61666666666667
2002-10-31,12964.016000000001,8.247000000003027,9.469932798447656,0.0006363478924154009,0.25453915696616036,1.0985671827793198,1.4659936582674504,2.0160730150903916,1.8345727158441605,1.3176396701235642,1.4315104833377137,1.110189001061368,2.6733333333333302
2003-01-31,13031.169,67.15299999999843,9.475099382134555,0.005166583686898818,2.066633474759527,1.1605863158628438,1.4212559467727224,1.6161536123904696,2.0261851070242187,1.8732495089967218,1.424638785071559,1.5109008572654403,2.76333333333333
2003-04-30,13152.089,120.92000000000007,9.484335884304695,0.009236502170139715,3.694600868055886,2.8806171714077067,2.005257833260525,1.9895921770935132,2.031843063523553,2.304254400529497,2.133442560290888,1.7083840454445998,2.58
2003-07-31,13372.357,220.26800000000003,9.500944944760642,0.01660906045594679,6.643624182378716,5.169112525217301,4.134952841731376,3.1648494205400723,2.9203985781505537,2.8004732499994134,2.9241643693650996,2.6972152630518664,3.30333333333333
2003-10-31,13528.71,156.35299999999916,9.512569372938627,0.011624428177984925,4.64977127119397,5.646697726786343,4.995998773876191,4.263657449097025,3.461833790670852,3.208627360324457,3.064658681598636,3.139865232093708,3.37
2004-01-31,13606.508999999998,77.79899999999907,9.518303560171463,0.005734187232835808,2.293674893134323,3.4717230821641465,4.529023448902336,4.320417803690724,3.8696609379044844,3.2671406410814305,3.07791986501158,2.9682857080405967,3.10333333333333
2004-04-30,13706.247,99.7380000000012,9.525606993287925,0.007303433116462088,2.921373246584835,2.607524069859579,3.288273136971043,4.127110898322961,4.040608892269546,3.71161298935121,3.2177452990104882,3.058351537708237,3.5233333333333303
2004-07-31,13830.828000000001,124.58100000000195,9.534655292714833,0.009048299426908102,3.6193197707632407,3.270346508674038,2.944789303494133,3.3710347954190922,4.025552672811017,3.970394038685162,3.698428243838643,3.2679421079795823,2.81666666666667
2004-10-31,13950.376,119.54799999999886,9.543261740291292,0.008606447576459786,3.4425790305839143,3.5309494006735775,3.3277573493106636,3.0692367352665784,3.3853436424520567,3.9283903991065,3.894991894670698,3.6664470921818015,2.1666666666666696
2005-01-31,14099.081,148.70499999999993,9.553864896937162,0.010603156645869305,4.241262658347722,3.841920844465818,3.767720486564959,3.556133676569928,3.303641919882807,3.527996811768001,3.97308643614096,3.938275740130326,1.76
2005-04-30,14172.695,73.61399999999958,9.559072505144199,0.00520760820703714,2.083043282814856,3.162152970581289,3.2556283239154977,3.3465511856274333,3.2615155978189136,3.1002088137048154,3.321574879060409,3.736831041975197,1.29666666666667
2005-07-31,14291.757,119.0619999999999,9.567438216479864,0.008365711335665438,3.346284534266175,2.7146639085405155,3.2235301584762515,3.278292376503167,3.3464978553551816,3.2756437538934575,3.135362488070724,3.3246635859611295,0.8533333333333342
2005-10-31,14373.438,81.6810000000005,9.573137198891965,0.0056989824121007615,2.2795929648403046,2.81293874955324,2.5696402606404454,2.9875458600672644,3.0785524941705944,3.1686803736027023,3.133350784028721,3.0283912976669214,0.663333333333333
2006-01-31,14546.118999999999,172.68099999999868,9.585079501624238,0.01194230273227248,4.776921092908992,3.5282570288746484,3.467599530671824,3.121460468707582,3.34542090663561,3.361613927293661,3.3984290477893153,3.338797072638755,0.17666666666666697
2006-04-30,14589.585,43.46600000000035,9.588063196972467,0.002983695348229176,1.1934781392916705,2.9851996161003314,2.749997399013656,2.8990691828267856,2.7358640028243997,2.9867637787449537,3.0518802432933767,3.1228101842271094,0.3666666666666671
2006-07-31,14602.633,13.048000000000684,9.588957133902433,0.0008939369299660882,0.3575747719864353,0.7755264556390529,2.1093246680623663,2.1518917422568506,2.3907703006587155,2.3394824643514056,2.6111653492080222,2.7150920593800087,-0.0100000000000007
2006-10-31,14716.93,114.29700000000048,9.596753810748643,0.007796676846210104,3.1186707384840417,1.7381227552352385,1.556574549920716,2.361661185667785,2.345247541502289,2.51208704029627,2.4507950749417824,2.6746035228675247,-0.27333333333333304
2007-01-31,14726.021999999999,9.091999999998734,9.597371411883813,0.000617601135170176,0.2470404540680704,1.682855596276056,1.2410953215128493,1.2291910259575545,1.938737039347842,1.9955463602632526,2.1885089565493843,2.1753257473325682,-0.303333333333335
2007-04-30,14838.663999999999,112.64199999999983,9.604991485714525,0.007620073830711505,3.048029532284602,1.6475349931763361,2.1379135749455713,1.6928288742057873,1.592958727222964,2.123619121503969,2.1459010991234453,2.2959490285162865,0.10999999999999902
2007-07-31,14938.466999999999,99.80299999999988,9.61169484298023,0.006703357265704923,2.6813429062819694,2.8646862192832856,1.992137630878214,2.273770907779671,1.8905316806210237,1.774356090399465,2.203293947900826,2.2128313250182607,0.42666666666666603
2007-10-31,14991.784,53.31700000000092,9.615257596690313,0.0035627537100832996,1.4251014840333198,2.0532221951576446,2.3848246408666305,1.8503785941669904,2.1040370230304006,1.8129599811897399,1.7244625752043015,2.1060198899173876,0.87
2008-01-31,14889.45,-102.33399999999892,9.608408187453872,-0.006849409236441062,-2.7397636945764248,-0.6573311052715525,0.45556023191295486,1.1036775570058666,0.9323501364183073,1.296736903429263,1.1625708846517162,1.1664342914817105,1.62
2008-04-30,14963.357,73.90699999999924,9.613359624750636,0.004951437296764283,1.9805749187057131,-0.3795943879353558,0.22197090272086942,0.8368139036111444,1.2790570293458359,1.1070542667995418,1.394428048468756,1.2648213889084658,2.26
2008-07-31,14891.643,-71.71399999999994,9.60855546210252,-0.004804162648115451,-1.9216650592461804,0.029454929729766377,-0.8936179450389641,-0.31393808777089305,0.28511811103967943,0.7456033479138332,0.6743800773644385,0.9799164100043889,2.37
2008-10-31,14576.985,-314.65799999999945,9.587199194055167,-0.02135626804735402,-8.542507218941608,-5.232086139093894,-2.8278657864940255,-2.805840263514625,-1.9596519140050361,-1.1861527772905354,-0.5812695902083728,-0.4777308346738174,2.9566666666666697
2009-01-31,14375.018,-201.96700000000055,9.57324711783868,-0.013952076216487086,-5.580830486594834,-7.061668852768221,-5.348334254927542,-3.5161069615192275,-3.360838308130667,-2.563181676103336,-1.813963878619721,-1.2062147022566805,2.5233333333333303
2009-04-30,14355.558,-19.459999999999127,9.571892463273043,-0.0013546545656364373,-0.5418618262545749,-3.0613461564247046,-4.8883998439303396,-4.1467161477592995,-2.921257934466297,-2.891008894484652,-2.274421697553513,-1.6549511220740776,3.14
2009-07-31,14402.476999999999,46.91899999999805,9.575155484660288,0.003263021387244436,1.3052085548977743,0.3816733643215997,-1.6058279193172118,-3.339997744223311,-3.0563312072278848,-2.2168468529056184,-2.291549258858591,-1.826967915997102,3.36
2009-10-31,14541.901000000002,139.4240000000027,9.584789485319961,0.009634000659673347,3.853600263869339,2.5794044093835566,1.5389823308375128,-0.240970873520574,-1.901278142604781,-1.9046759620450142,-1.3496401219377674,-1.5234055685175996,3.40333333333333
2010-01-31,14604.845,62.943999999997686,9.58910860196169,0.004319116641729792,1.7276466566919169,2.790623460280628,2.2954851584863434,1.5861484123011138,0.15275263252192417,-1.296457342721998,-1.3857727307968812,-0.9649792746090569,3.61
2010-04-30,14745.933,141.08800000000156,9.598722594934229,0.009613992972537844,3.8455971890151375,2.786621922853527,3.142281369858798,2.683013166118542,2.0380381676439185,0.768226725270793,-0.5618781239024072,-0.7318514908203788,3.34333333333333
2010-07-31,14845.458,99.52499999999964,9.605449238860711,0.006726643926482367,2.690657570592947,3.268127379804042,2.754633805433334,3.029375420042335,2.684542047013423,2.1468080681354236,1.042859703173958,-0.1553111620904879,2.63
2010-10-31,14939.001,93.54299999999967,9.6117305889812,0.006281350120488582,2.512540048195433,2.60159880939419,3.016264935934506,2.6941103661238586,2.9260083456729546,2.655875047210425,2.199055493858282,1.2265697463016423,2.7266666666666697
2011-01-31,14881.301000000001,-57.69999999999891,9.607860737360758,-0.0038698516204416222,-1.547940648176649,0.48229970000939204,1.2184189902039104,1.8752135399067171,1.845700163263757,2.180350180031354,2.055329947869414,1.7306809761039155,3.3333333333333304
2011-04-30,14989.555,108.253999999999,9.615108904198353,0.007248166837594994,2.8992667350379975,0.6756630434306743,1.2879553783522606,1.6386309264124321,2.080024178932973,2.021294591892797,2.2830525450323034,2.160822046265487,3.16333333333333
2011-07-31,15021.149,31.59399999999914,9.617214420394966,0.002105516196612811,0.8422064786451244,1.870736606841561,0.731177521835491,1.1765181534254765,1.4793460368589706,1.8737212288849985,1.8528534328574153,2.102946786733906,2.40333333333333
2011-10-31,15190.255,169.10599999999977,9.628409382809018,0.011194962414052156,4.477984965620863,2.6600957221329935,2.739819393101328,1.667879382781834,1.8368115158645537,1.9791191916526194,2.2457589055615506,2.1809948744528462,2.03333333333333
2012-01-31,15291.035,100.78000000000065,9.63502198793366,0.006612605124642457,2.6450420498569827,3.5615135077389226,2.6550778313743235,2.716125057290242,1.8633119161968636,1.971516604863292,2.074251028538957,2.2956692985984795,1.97
2012-04-30,15362.415,71.38000000000102,9.639679220905363,0.004657232971702285,1.8628931886809141,2.2539676192689484,2.9953067347195867,2.457031670700971,2.5454786835683763,1.8632421282775389,1.9559989739800951,2.0478312985567015,1.73666666666667
2012-07-31,15380.802,18.386999999998807,9.640875387343792,0.001196166438429458,0.47846657537178316,1.1706798820263487,1.6621339379698934,2.3660966948826356,2.0613186516351334,2.200976665535611,1.6654170492910023,1.771307424154056,1.54
2012-10-31,15384.253999999999,3.451999999999316,9.641099797792743,0.00022441044895060713,0.08976417958024285,0.284115377476013,0.8103746478776468,1.2690414983724807,1.910830191822157,1.732726239625985,1.8993748818277012,1.4684604405771573,1.62
2013-01-31,15491.878,107.62400000000162,9.64807116557136,0.006971367778616511,2.7885471114466043,1.4391556455134236,1.11892595546621,1.304917763769886,1.5729426209873054,2.0571163450928984,1.8835577927432163,2.010521410530064,1.8633333333333302
2013-04-30,15521.559,29.680999999998676,9.64998523972327,0.001914074151910583,0.7656296607642332,1.7770883861054187,1.2146469839303602,1.0306018817907159,1.1970601431687555,1.4383904609501268,1.8726182473316606,1.7438167762458434,1.9466666666666699
2013-07-31,15641.336000000001,119.77700000000186,9.657672432445937,0.007687192722666936,3.0748770890667743,1.9202533749155037,2.209684620425871,1.6797045102144637,1.4394569232459276,1.5100296341517587,1.6721742649667908,2.0229006025485496,2.67666666666667
2013-10-31,15793.928,152.59199999999873,9.66738084135396,0.009708408908023713,3.8833635632094854,3.47912032613813,2.5746234376801644,2.6281043561217743,2.120436320813468,1.8467746965731873,1.8490773383028625,1.9485729272471275,2.68333333333333
2014-01-31,15757.57,-36.358000000000175,9.665076163706448,-0.0023046776475119657,-0.9218710590047863,1.4807462521023496,2.012123197757158,1.7004998135089266,1.9181092730964622,1.613385090843759,1.4512538743477625,1.5027087886394064,2.71666666666667
2014-04-30,15935.825,178.25500000000102,9.67632499833838,0.011248834631931715,4.499533852772686,1.7888313968839498,2.4870087856591283,2.63397586151104,2.2603066213616785,2.3483467030424996,2.0256920568336056,1.8322888716508778,2.59
2014-07-31,16139.513,203.6880000000001,9.68902576788668,0.012700769548299462,5.080307819319785,4.789920836046235,2.8859902043625616,3.1353335440742924,3.123242253072789,2.730306821021363,2.7386268625106833,2.407519027144378,2.47
2014-10-31,16220.222,80.70899999999892,9.694014014382152,0.004988246495472026,1.9952985981888105,3.5378032087542977,3.858380090093761,2.6633173028191237,2.907326554897196,2.9352516439254592,2.6253056463309985,2.645710829470449,2.25666666666667
2015-01-31,16349.97,129.7479999999996,9.70198134146133,0.007967327079178688,3.186930831671475,2.591114714930143,3.4208457497266904,3.690517775488189,2.768040008589594,2.9539272676929094,2.9712058136034614,2.695508794498558,1.94
2015-04-30,16460.889,110.91899999999987,9.708742482493124,0.006761141031793372,2.7044564127173487,2.945693622194412,2.6288952808592114,3.2417484154743548,3.493305502934021,2.7574427426108867,2.918288574124972,2.9378621384926973,2.14666666666667
2015-07-31,16527.587,66.69800000000032,9.712786203147894,0.004043720654770766,1.6174882619083064,2.1609723373128276,2.5029585020990437,2.376043526121485,2.916896384761145,3.180669296096402,2.594592102510518,2.755688535097889,2.18
2015-10-31,16547.619,20.031999999999243,9.713997503385864,0.0012113002379692261,0.48452009518769046,1.0510041785479984,1.6021549232711154,1.9983489003712052,1.9977388399347262,2.511500336498903,2.7955051245380145,2.3308331015951644,2.06666666666667
2016-01-31,16571.573,23.954000000001543,9.71544403651245,0.001446533126586047,0.5786132506344188,0.5315666729110546,0.8935405359101386,1.346269505111941,1.714401770423848,1.761217908384675,2.2353736099468335,2.518393640300065,1.6333333333333302
2016-04-30,16663.516,91.9429999999993,9.72097693787186,0.005532901359410758,2.213160543764303,1.395886897199361,1.0920979631954708,1.2234455378736797,1.5196477128424135,1.7975282326472573,1.8257811420103363,2.2325969766740172,1.49666666666667
2016-07-31,16778.148,114.63200000000143,9.727832604442552,0.00685566657069181,2.742266628276724,2.4777135860205135,1.8446801408918154,1.504640129465784,1.5272097559542885,1.7234175320814653,1.9324908605943238,1.9403418277936346,1.26666666666667
2016-10-31,16851.42,73.2719999999972,9.73219020522677,0.004357600784217652,1.743040313687061,2.2426534709818924,2.2328224952426963,1.8192701840906267,1.5523201663100394,1.5631815155764175,1.7262207865965504,1.908809542230916,1.7
2017-01-31,16903.24,51.82000000000335,9.735260598512337,0.003070393285566908,1.2281573142267632,1.485598813956912,1.9044880853968496,1.9816561999887128,1.701047610117854,1.49829302429616,1.5153209153836096,1.663962852550327,1.8533333333333302
2017-04-30,17031.085,127.84499999999753,9.742795482725331,0.007534884212994086,3.0139536851976345,2.121055499712199,1.9950504377038196,2.1818544853470456,2.188115697030497,1.9198652892978176,1.7148159758535138,1.7026500116103627,1.3733333333333302
2017-07-31,17163.894,132.8090000000011,9.750563270375729,0.007767787650397651,3.1071150601590602,3.0605343726783474,2.449742019861153,2.2730665933176297,2.3669066003094485,2.3412822575519243,2.089472399420852,1.888853361391707,1.2066666666666699
2017-10-31,17271.702,107.8080000000009,9.756824718687767,0.006261448312038453,2.5045793248153814,2.805847192487221,2.875216023390692,2.46345134609971,2.31936913961718,2.3898520543937707,2.3646104100181327,2.1413607650951683,1.16333333333333
